age,sex,cp,trestbps,chol,fbs,restecg,thalach,exang,oldpeak,slope,ca,thal,target
-0.9668360327561868,-1.0,0.8962581595302717,-0.569526768675562,-0.05333153562443582,0.8164965809277261,-1.118033988749895,-0.18663211028018425,0.6546536707079772,-0.5540908971869924,0.12038585308576916,1.6644794391276476,1.2572371141874243,0
0.5803136876043598,1.0,-1.6644794391276476,-1.4292264011485465,0.3468395514911006,-1.2247448713915892,-1.118033988749895,-0.6480628505700838,-1.5275252316519463,0.9277910249489087,-1.0834726777719228,0.3841106397986879,-0.5388159060803248,0
1.535190422201484,1.0,-0.3841106397986879,0.1049988819601626,-1.0973937021068585,-1.2247448713915892,0.0,1.2442906998315777,-1.5275252316519463,-0.2971918238110749,-1.0834726777719228,-0.8962581595302717,0.35921060405354976,1
-1.7756728859281377,-1.0,0.8962581595302717,-1.0167483989284671,0.3884256377705313,-1.2247448713915892,1.118033988749895,1.1842829361096532,0.6546536707079772,-0.6618654944232055,-1.0834726777719228,-0.8962581595302717,-0.5388159060803248,0
0.7644917674180741,-1.0,-1.6644794391276476,0.4198168178705318,1.880082943052928,0.8164965809277261,-1.118033988749895,-0.3899581891594569,0.6546536707079772,1.957789058729437,-1.0834726777719228,-0.8962581595302717,-0.5388159060803248,1
-1.4357913731040708,1.0,0.8962581595302717,-0.5641211436381477,0.021331141011885227,0.8164965809277261,0.0,0.9062334304043412,0.6546536707079772,0.17440200601734646,1.3242443839434612,-0.8962581595302717,-1.4368424162141995,1
0.4239466223869995,-1.0,0.8962581595302717,-0.5066490383728088,-0.13044800052269345,-1.2247448713915892,1.118033988749895,-0.2052647470957041,0.6546536707079772,-0.7098703178790724,0.12038585308576916,0.3841106397986879,1.2572371141874243,1
0.576440721523335,1.0,-0.3841106397986879,1.4809814522826037,1.2393141077438976,0.8164965809277261,1.118033988749895,-2.3149916922331104,0.6546536707079772,-1.5182394923430498,1.3242443839434612,1.6644794391276476,0.35921060405354976,0
